, BraunW, W, S, BraunO, avgStopTime for 3 Simulations of 1h
1: ,0.0, 0.13521126760568697, 0.12499999999998106, 0.006000000000003638
2: ,0.0, 0.11095890410958391, 0.0, 0.015000000000002274
3: ,0.014285714285722947, 0.14062500000000058, 0.0, 0.0
